op,kind,exists_in_library,is_operator_like,is_meaningful_op,count,datasets
torch.Generator,torch,True,True,True,6,"cudallm_rl,drkernel_rl"
torch._C._nn.relu6,torch,True,True,True,1,cudallm_sft
torch._C._nn.relu6_,torch,True,True,True,1,cudallm_sft
torch._C._nn.softplus,torch,True,True,True,1,cudallm_sft
torch._assert,torch,True,True,True,1,cudallm_sft
torch.abs,torch,True,True,True,13634,"cuda_agent_6k_ops,cudallm_rl,cudallm_sft,drkernel_coldstart,drkernel_rl"
torch.absolute,torch,True,True,True,8,"cudallm_rl,drkernel_rl"
torch.acos,torch,True,True,True,8173,"cuda_agent_6k_ops,cudallm_rl,cudallm_sft,drkernel_coldstart,drkernel_rl"
torch.acosh,torch,True,True,True,4,"cudallm_sft,drkernel_coldstart"
torch.add,torch,True,True,True,8950,"cuda_agent_6k_ops,cudallm_rl,cudallm_sft,drkernel_coldstart,drkernel_rl"
torch.addbmm,torch,True,True,True,8,"cudallm_rl,drkernel_rl"
torch.addcdiv,torch,True,True,True,11,"cuda_agent_6k_ops,cudallm_rl,drkernel_rl"
torch.addcmul,torch,True,True,True,7872,"cuda_agent_6k_ops,cudallm_rl,cudallm_sft,drkernel_coldstart,drkernel_rl"
torch.addmm,torch,True,True,True,6124,"cuda_agent_6k_ops,cudallm_rl,cudallm_sft,drkernel_coldstart,drkernel_rl"
torch.addmv,torch,True,True,True,8,"cudallm_rl,drkernel_rl"
torch.addr,torch,True,True,True,12,"cudallm_rl,cudallm_sft,drkernel_coldstart,drkernel_rl"
torch.affine_grid_generator,torch,True,True,True,18,"cuda_agent_6k_ops,cudallm_rl,cudallm_sft,drkernel_coldstart,drkernel_rl"
torch.all,torch,True,True,True,8563,"cuda_agent_6k_ops,cudallm_rl,cudallm_sft,drkernel_coldstart,drkernel_rl"
torch.allclose,torch,True,True,True,2,cudallm_sft
torch.amax,torch,True,True,True,8032,"cuda_agent_6k_ops,cudallm_rl,cudallm_sft,drkernel_coldstart,drkernel_rl"
torch.amin,torch,True,True,True,52,"cuda_agent_6k_ops,cudallm_rl,cudallm_sft,drkernel_coldstart,drkernel_rl"
torch.angle,torch,True,True,True,122,"cuda_agent_6k_ops,cudallm_rl,drkernel_rl"
torch.any,torch,True,True,True,8602,"cuda_agent_6k_ops,cudallm_rl,cudallm_sft,drkernel_coldstart,drkernel_rl"
torch.arccos,torch,True,True,True,8,"cudallm_rl,drkernel_rl"
torch.arccosh,torch,True,True,True,8,"cudallm_rl,drkernel_rl"
torch.arcsin,torch,True,True,True,8,"cudallm_rl,drkernel_rl"
torch.arcsinh,torch,True,True,True,8,"cudallm_rl,drkernel_rl"
torch.arctan,torch,True,True,True,8,"cudallm_rl,drkernel_rl"
torch.arctan2,torch,True,True,True,8,"cudallm_rl,drkernel_rl"
torch.arctanh,torch,True,True,True,8,"cudallm_rl,drkernel_rl"
torch.argmax,torch,True,True,True,10775,"cuda_agent_6k_ops,cudallm_rl,cudallm_sft,drkernel_coldstart,drkernel_rl"
torch.argmin,torch,True,True,True,9349,"cuda_agent_6k_ops,cudallm_rl,cudallm_sft,drkernel_coldstart,drkernel_rl"
torch.argsort,torch,True,True,True,8531,"cuda_agent_6k_ops,cudallm_rl,cudallm_sft,drkernel_coldstart,drkernel_rl"
torch.as_strided,torch,True,True,True,9,"cudallm_rl,cudallm_sft,drkernel_rl"
torch.as_strided_scatter,torch,True,True,True,8,"cudallm_rl,drkernel_rl"
torch.asin,torch,True,True,True,8,"cudallm_rl,drkernel_rl"
torch.asinh,torch,True,True,True,8,"cudallm_rl,drkernel_rl"
torch.atan,torch,True,True,True,8,"cudallm_rl,drkernel_rl"
torch.atan2,torch,True,True,True,128,"cuda_agent_6k_ops,cudallm_rl,cudallm_sft,drkernel_coldstart,drkernel_rl"
torch.atanh,torch,True,True,True,8,"cudallm_rl,drkernel_rl"
torch.avg_pool1d,torch,True,True,True,6,"cudallm_rl,drkernel_rl"
torch.baddbmm,torch,True,True,True,6601,"cuda_agent_6k_ops,cudallm_rl,cudallm_sft,drkernel_coldstart,drkernel_rl"
torch.batch_norm_stats,torch,True,True,True,1,cudallm_sft
torch.binary_cross_entropy_with_logits,torch,True,True,True,7,"cuda_agent_6k_ops,cudallm_sft"
torch.bitwise_and,torch,True,True,True,8,"cudallm_rl,drkernel_rl"
torch.bitwise_left_shift,torch,True,True,True,8,"cudallm_rl,drkernel_rl"
torch.bitwise_not,torch,True,True,True,8,"cudallm_rl,drkernel_rl"
torch.bitwise_or,torch,True,True,True,8,"cudallm_rl,drkernel_rl"
torch.bitwise_xor,torch,True,True,True,7067,"cuda_agent_6k_ops,cudallm_rl,cudallm_sft,drkernel_coldstart,drkernel_rl"
torch.block_diag,torch,True,True,True,8,"cudallm_rl,drkernel_rl"
torch.bmm,torch,True,True,True,7744,"cuda_agent_6k_ops,cudallm_rl,cudallm_sft,drkernel_coldstart,drkernel_rl"
torch.broadcast_shapes,torch,True,True,True,2,cudallm_sft
torch.broadcast_tensors,torch,True,True,True,10,"cudallm_rl,cudallm_sft,drkernel_rl"
torch.bucketize,torch,True,True,True,8064,"cuda_agent_6k_ops,cudallm_rl,cudallm_sft,drkernel_coldstart,drkernel_rl"
torch.cat,torch,True,True,True,13186,"cuda_agent_6k_ops,cudallm_rl,cudallm_sft,drkernel_coldstart,drkernel_rl"
torch.cdist,torch,True,True,True,6,"cudallm_rl,drkernel_rl"
torch.ceil,torch,True,True,True,8397,"cuda_agent_6k_ops,cudallm_rl,cudallm_sft,drkernel_coldstart,drkernel_rl"
torch.celu,torch,True,True,True,8,"cudallm_rl,drkernel_rl"
torch.channel_shuffle,torch,True,True,True,3,cuda_agent_6k_ops
torch.cholesky,torch,True,True,True,14,"cudallm_rl,drkernel_rl"
torch.cholesky_solve,torch,True,True,True,8,"cudallm_rl,drkernel_rl"
torch.chunk,torch,True,True,True,140,"cuda_agent_6k_ops,cudallm_rl,cudallm_sft,drkernel_coldstart,drkernel_rl"
torch.clamp,torch,True,True,True,15747,"cuda_agent_6k_ops,cudallm_rl,cudallm_sft,drkernel_coldstart,drkernel_rl"
torch.clamp_max,torch,True,True,True,8,"cudallm_rl,drkernel_rl"
torch.clamp_min,torch,True,True,True,8614,"cuda_agent_6k_ops,cudallm_rl,cudallm_sft,drkernel_coldstart,drkernel_rl"
torch.clip,torch,True,True,True,8820,"cuda_agent_6k_ops,cudallm_rl,cudallm_sft,drkernel_coldstart,drkernel_rl"
torch.clone,torch,True,True,True,8359,"cuda_agent_6k_ops,cudallm_rl,cudallm_sft,drkernel_coldstart,drkernel_rl"
torch.compiler.is_compiling,torch,True,True,True,2,cuda_agent_6k_ops
torch.complex,torch,True,True,True,282,"cuda_agent_6k_ops,cudallm_rl,cudallm_sft,drkernel_coldstart,drkernel_rl"
torch.concat,torch,True,True,True,8,"cuda_agent_6k_ops,cudallm_rl,drkernel_rl"
torch.conj,torch,True,True,True,12,"cudallm_rl,drkernel_rl"
torch.conj_physical,torch,True,True,True,8,"cudallm_rl,drkernel_rl"
torch.constant_pad_nd,torch,True,True,True,14,"cuda_agent_6k_ops,cudallm_rl,drkernel_rl"
torch.conv2d,torch,True,True,True,11,"cuda_agent_6k_ops,cudallm_rl,drkernel_rl"
torch.copysign,torch,True,True,True,6,"cudallm_rl,drkernel_rl"
torch.cos,torch,True,True,True,8789,"cuda_agent_6k_ops,cudallm_rl,cudallm_sft,drkernel_coldstart,drkernel_rl"
torch.cosh,torch,True,True,True,8,"cudallm_rl,drkernel_rl"
torch.cosine_similarity,torch,True,True,True,16,"cudallm_rl,cudallm_sft,drkernel_coldstart,drkernel_rl"
torch.count_nonzero,torch,True,True,True,8205,"cuda_agent_6k_ops,cudallm_rl,cudallm_sft,drkernel_coldstart,drkernel_rl"
torch.cudnn_batch_norm,torch,True,True,True,3,cuda_agent_6k_ops
torch.cummax,torch,True,True,True,3,cuda_agent_6k_ops
torch.cummin,torch,True,True,True,15,"cuda_agent_6k_ops,cudallm_rl,cudallm_sft,drkernel_coldstart,drkernel_rl"
torch.cumprod,torch,True,True,True,1004,"cuda_agent_6k_ops,cudallm_rl,cudallm_sft,drkernel_coldstart,drkernel_rl"
torch.cumsum,torch,True,True,True,10408,"cuda_agent_6k_ops,cudallm_rl,cudallm_sft,drkernel_coldstart,drkernel_rl"
torch.deg2rad,torch,True,True,True,8121,"cuda_agent_6k_ops,cudallm_rl,cudallm_sft,drkernel_coldstart,drkernel_rl"
torch.detach,torch,True,True,True,7056,"cuda_agent_6k_ops,cudallm_rl,cudallm_sft,drkernel_coldstart,drkernel_rl"
torch.diag,torch,True,True,True,8527,"cuda_agent_6k_ops,cudallm_rl,cudallm_sft,drkernel_coldstart,drkernel_rl"
torch.diag_embed,torch,True,True,True,120,"cuda_agent_6k_ops,cudallm_rl,cudallm_sft,drkernel_coldstart,drkernel_rl"
torch.diagflat,torch,True,True,True,1,cudallm_sft
torch.diagonal,torch,True,True,True,104,"cudallm_rl,drkernel_rl"
torch.diagonal_scatter,torch,True,True,True,15,"cuda_agent_6k_ops,cudallm_rl,cudallm_sft,drkernel_coldstart,drkernel_rl"
torch.digamma,torch,True,True,True,479,"cuda_agent_6k_ops,cudallm_rl,cudallm_sft,drkernel_coldstart,drkernel_rl"
torch.dist,torch,True,True,True,8585,"cuda_agent_6k_ops,cudallm_rl,cudallm_sft,drkernel_coldstart,drkernel_rl"
torch.distributions.Bernoulli,torch,True,True,True,6,"cudallm_rl,drkernel_rl"
torch.distributions.Categorical,torch,True,True,True,6,"cudallm_rl,drkernel_rl"
torch.div,torch,True,True,True,8885,"cuda_agent_6k_ops,cudallm_rl,cudallm_sft,drkernel_coldstart,drkernel_rl"
torch.divide,torch,True,True,True,34,"cudallm_rl,cudallm_sft,drkernel_coldstart,drkernel_rl"
torch.dot,torch,True,True,True,14,"cudallm_rl,drkernel_rl"
torch.dropout,torch,True,True,True,6,"cudallm_rl,drkernel_rl"
torch.einsum,torch,True,True,True,8418,"cuda_agent_6k_ops,cudallm_rl,cudallm_sft,drkernel_coldstart,drkernel_rl"
torch.embedding,torch,True,True,True,18,"cudallm_rl,cudallm_sft,drkernel_coldstart,drkernel_rl"
torch.eq,torch,True,True,True,9085,"cuda_agent_6k_ops,cudallm_rl,cudallm_sft,drkernel_coldstart,drkernel_rl"
torch.equal,torch,True,True,True,6752,"cuda_agent_6k_ops,cudallm_rl,cudallm_sft,drkernel_coldstart,drkernel_rl"
torch.erf,torch,True,True,True,8090,"cuda_agent_6k_ops,cudallm_rl,cudallm_sft,drkernel_coldstart,drkernel_rl"
torch.exp,torch,True,True,True,9309,"cuda_agent_6k_ops,cudallm_rl,cudallm_sft,drkernel_coldstart,drkernel_rl"
torch.exp2,torch,True,True,True,8,"cudallm_rl,drkernel_rl"
torch.expm1,torch,True,True,True,8938,"cuda_agent_6k_ops,cudallm_rl,cudallm_sft,drkernel_coldstart,drkernel_rl"
torch.fft.fft2,torch,True,True,True,28,"cudallm_rl,drkernel_rl"
torch.fft.ifft,torch,True,True,True,6,"cudallm_rl,drkernel_rl"
torch.finfo,torch,True,True,True,25,"cudallm_rl,cudallm_sft,drkernel_rl"
torch.fix,torch,True,True,True,8,"cudallm_rl,drkernel_rl"
torch.flatten,torch,True,True,True,501,"cuda_agent_6k_ops,cudallm_rl,cudallm_sft,drkernel_coldstart,drkernel_rl"
torch.flip,torch,True,True,True,8502,"cuda_agent_6k_ops,cudallm_rl,cudallm_sft,drkernel_coldstart,drkernel_rl"
torch.fliplr,torch,True,True,True,6,"cudallm_rl,drkernel_rl"
torch.float_power,torch,True,True,True,8,"cudallm_rl,drkernel_rl"
torch.floor,torch,True,True,True,8825,"cuda_agent_6k_ops,cudallm_rl,cudallm_sft,drkernel_coldstart,drkernel_rl"
torch.floor_divide,torch,True,True,True,8,"cudallm_rl,drkernel_rl"
torch.fmax,torch,True,True,True,8,"cudallm_rl,drkernel_rl"
torch.fmin,torch,True,True,True,8,"cudallm_rl,drkernel_rl"
torch.fmod,torch,True,True,True,8183,"cuda_agent_6k_ops,cudallm_rl,cudallm_sft,drkernel_coldstart,drkernel_rl"
torch.frac,torch,True,True,True,8,"cudallm_rl,drkernel_rl"
torch.frexp,torch,True,True,True,4,"cudallm_sft,drkernel_coldstart"
torch.functional.F.relu,torch,True,True,True,9,"cudallm_rl,cudallm_sft,drkernel_coldstart,drkernel_rl"
torch.functional.F.softmax,torch,True,True,True,9,"cudallm_rl,cudallm_sft,drkernel_coldstart,drkernel_rl"
torch.fx.Proxy,torch,True,True,True,1,cuda_agent_6k_ops
torch.gather,torch,True,True,True,7179,"cuda_agent_6k_ops,cudallm_rl,cudallm_sft,drkernel_coldstart,drkernel_rl"
torch.ge,torch,True,True,True,8707,"cuda_agent_6k_ops,cudallm_rl,cudallm_sft,drkernel_coldstart,drkernel_rl"
torch.greater,torch,True,True,True,12,"cudallm_rl,cudallm_sft,drkernel_coldstart,drkernel_rl"
torch.gt,torch,True,True,True,8530,"cuda_agent_6k_ops,cudallm_rl,cudallm_sft,drkernel_coldstart,drkernel_rl"
torch.hardshrink,torch,True,True,True,3,"cudallm_sft,drkernel_coldstart"
torch.histc,torch,True,True,True,8473,"cuda_agent_6k_ops,cudallm_rl,cudallm_sft,drkernel_coldstart,drkernel_rl"
torch.hypot,torch,True,True,True,8,"cudallm_rl,drkernel_rl"
torch.i0,torch,True,True,True,8,"cudallm_rl,drkernel_rl"
torch.imag,torch,True,True,True,30,"cudallm_rl,drkernel_rl"
torch.index_copy,torch,True,True,True,3,cuda_agent_6k_ops
torch.index_fill,torch,True,True,True,8,"cudallm_rl,drkernel_rl"
torch.index_put,torch,True,True,True,12,"cudallm_rl,cudallm_sft,drkernel_coldstart,drkernel_rl"
torch.index_select,torch,True,True,True,6424,"cuda_agent_6k_ops,cudallm_rl,cudallm_sft,drkernel_coldstart,drkernel_rl"
torch.inverse,torch,True,True,True,4,cuda_agent_6k_ops
torch.is_complex,torch,True,True,True,8047,"cuda_agent_6k_ops,cudallm_rl,cudallm_sft,drkernel_coldstart,drkernel_rl"
torch.isfinite,torch,True,True,True,30,"cudallm_rl,drkernel_rl"
torch.isin,torch,True,True,True,8527,"cuda_agent_6k_ops,cudallm_rl,cudallm_sft,drkernel_coldstart,drkernel_rl"
torch.isinf,torch,True,True,True,9138,"cuda_agent_6k_ops,cudallm_rl,cudallm_sft,drkernel_coldstart,drkernel_rl"
torch.isnan,torch,True,True,True,9111,"cuda_agent_6k_ops,cudallm_rl,cudallm_sft,drkernel_coldstart,drkernel_rl"
torch.isneginf,torch,True,True,True,8673,"cuda_agent_6k_ops,cudallm_rl,cudallm_sft,drkernel_coldstart,drkernel_rl"
torch.isposinf,torch,True,True,True,9,"cudallm_rl,cudallm_sft,drkernel_rl"
torch.layer_norm,torch,True,True,True,1,cudallm_sft
torch.lcm,torch,True,True,True,12,"cudallm_rl,cudallm_sft,drkernel_coldstart,drkernel_rl"
torch.ldexp,torch,True,True,True,4,"cudallm_sft,drkernel_coldstart"
torch.le,torch,True,True,True,14,"cudallm_rl,drkernel_rl"
torch.lerp,torch,True,True,True,14,"cudallm_rl,drkernel_rl"
torch.less,torch,True,True,True,24,"cudallm_rl,cudallm_sft,drkernel_coldstart,drkernel_rl"
torch.lgamma,torch,True,True,True,1,cudallm_sft
torch.load,torch,True,True,True,1,cudallm_sft
torch.log,torch,True,True,True,8102,"cuda_agent_6k_ops,cudallm_rl,cudallm_sft,drkernel_coldstart,drkernel_rl"
torch.log10,torch,True,True,True,6526,"cuda_agent_6k_ops,cudallm_rl,cudallm_sft,drkernel_coldstart,drkernel_rl"
torch.log1p,torch,True,True,True,6683,"cuda_agent_6k_ops,cudallm_rl,cudallm_sft,drkernel_coldstart,drkernel_rl"
torch.log2,torch,True,True,True,6798,"cuda_agent_6k_ops,cudallm_rl,cudallm_sft,drkernel_coldstart,drkernel_rl"
torch.log_softmax,torch,True,True,True,8889,"cuda_agent_6k_ops,cudallm_rl,cudallm_sft,drkernel_coldstart,drkernel_rl"
torch.logaddexp,torch,True,True,True,15,"cuda_agent_6k_ops,cudallm_rl,cudallm_sft,drkernel_coldstart,drkernel_rl"
torch.logcumsumexp,torch,True,True,True,8,"cudallm_rl,drkernel_rl"
torch.logical_and,torch,True,True,True,9043,"cuda_agent_6k_ops,cudallm_rl,cudallm_sft,drkernel_coldstart,drkernel_rl"
torch.logical_not,torch,True,True,True,8416,"cuda_agent_6k_ops,cudallm_rl,cudallm_sft,drkernel_coldstart,drkernel_rl"
torch.logical_or,torch,True,True,True,8705,"cuda_agent_6k_ops,cudallm_rl,cudallm_sft,drkernel_coldstart,drkernel_rl"
torch.logical_xor,torch,True,True,True,16,"cudallm_rl,cudallm_sft,drkernel_coldstart,drkernel_rl"
torch.logit,torch,True,True,True,8,"cudallm_rl,drkernel_rl"
torch.logsumexp,torch,True,True,True,9572,"cuda_agent_6k_ops,cudallm_rl,cudallm_sft,drkernel_coldstart,drkernel_rl"
torch.lt,torch,True,True,True,8346,"cuda_agent_6k_ops,cudallm_rl,cudallm_sft,drkernel_coldstart,drkernel_rl"
torch.margin_ranking_loss,torch,True,True,True,8,"cudallm_rl,drkernel_rl"
torch.masked_fill,torch,True,True,True,7802,"cuda_agent_6k_ops,cudallm_rl,cudallm_sft,drkernel_coldstart,drkernel_rl"
torch.masked_scatter,torch,True,True,True,11,"cuda_agent_6k_ops,cudallm_rl,drkernel_rl"
torch.masked_select,torch,True,True,True,7322,"cuda_agent_6k_ops,cudallm_rl,cudallm_sft,drkernel_coldstart,drkernel_rl"
torch.matmul,torch,True,True,True,8895,"cuda_agent_6k_ops,cudallm_rl,cudallm_sft,drkernel_coldstart,drkernel_rl"
torch.max,torch,True,True,True,10426,"cuda_agent_6k_ops,cudallm_rl,cudallm_sft,drkernel_coldstart,drkernel_rl"
torch.maximum,torch,True,True,True,8666,"cuda_agent_6k_ops,cudallm_rl,cudallm_sft,drkernel_coldstart,drkernel_rl"
torch.mean,torch,True,True,True,10836,"cuda_agent_6k_ops,cudallm_rl,cudallm_sft,drkernel_coldstart,drkernel_rl"
torch.median,torch,True,True,True,8573,"cuda_agent_6k_ops,cudallm_rl,cudallm_sft,drkernel_coldstart,drkernel_rl"
torch.meshgrid,torch,True,True,True,7659,"cuda_agent_6k_ops,cudallm_rl,cudallm_sft,drkernel_coldstart,drkernel_rl"
torch.min,torch,True,True,True,9381,"cuda_agent_6k_ops,cudallm_rl,cudallm_sft,drkernel_coldstart,drkernel_rl"
torch.minimum,torch,True,True,True,8699,"cuda_agent_6k_ops,cudallm_rl,cudallm_sft,drkernel_coldstart,drkernel_rl"
torch.mm,torch,True,True,True,7561,"cuda_agent_6k_ops,cudallm_rl,cudallm_sft,drkernel_coldstart,drkernel_rl"
torch.mode,torch,True,True,True,15,"cuda_agent_6k_ops,cudallm_rl,cudallm_sft,drkernel_coldstart,drkernel_rl"
torch.mul,torch,True,True,True,9033,"cuda_agent_6k_ops,cudallm_rl,cudallm_sft,drkernel_coldstart,drkernel_rl"
torch.multiply,torch,True,True,True,9627,"cuda_agent_6k_ops,cudallm_rl,cudallm_sft,drkernel_coldstart,drkernel_rl"
torch.mv,torch,True,True,True,8,"cudallm_rl,drkernel_rl"
torch.nan_to_num,torch,True,True,True,8622,"cuda_agent_6k_ops,cudallm_rl,cudallm_sft,drkernel_coldstart,drkernel_rl"
torch.nanmedian,torch,True,True,True,14,"cuda_agent_6k_ops,cudallm_rl,drkernel_rl"
torch.nansum,torch,True,True,True,8243,"cuda_agent_6k_ops,cudallm_rl,cudallm_sft,drkernel_coldstart,drkernel_rl"
torch.narrow,torch,True,True,True,12,"cudallm_rl,drkernel_rl"
torch.native_batch_norm,torch,True,True,True,3,cuda_agent_6k_ops
torch.native_dropout,torch,True,True,True,8,"cudallm_rl,drkernel_rl"
torch.native_layer_norm,torch,True,True,True,11,"cuda_agent_6k_ops,cudallm_rl,drkernel_rl"
torch.ne,torch,True,True,True,8700,"cuda_agent_6k_ops,cudallm_rl,cudallm_sft,drkernel_coldstart,drkernel_rl"
torch.neg,torch,True,True,True,8175,"cuda_agent_6k_ops,cudallm_rl,cudallm_sft,drkernel_coldstart,drkernel_rl"
torch.negative,torch,True,True,True,8,"cudallm_rl,drkernel_rl"
torch.nextafter,torch,True,True,True,8,"cudallm_rl,drkernel_rl"
torch.nn.AdaptiveAvgPool1d,torch.nn,True,True,True,8320,"cuda_agent_6k_ops,cudallm_rl,cudallm_sft,drkernel_coldstart,drkernel_rl"
torch.nn.AdaptiveAvgPool2d,torch.nn,True,True,True,9164,"cuda_agent_6k_ops,cudallm_rl,cudallm_sft,drkernel_coldstart,drkernel_rl"
torch.nn.AdaptiveAvgPool3d,torch.nn,True,True,True,887,"cuda_agent_6k_ops,cudallm_rl,cudallm_sft,drkernel_coldstart,drkernel_rl"
torch.nn.AdaptiveLogSoftmaxWithLoss,torch.nn,True,True,True,5111,"cuda_agent_6k_ops,cudallm_rl,drkernel_rl"
torch.nn.AdaptiveMaxPool1d,torch.nn,True,True,True,29,"cuda_agent_6k_ops,cudallm_rl,cudallm_sft,drkernel_coldstart,drkernel_rl"
torch.nn.AdaptiveMaxPool2d,torch.nn,True,True,True,66,"cudallm_rl,cudallm_sft,drkernel_coldstart,drkernel_rl"
torch.nn.AdaptiveMaxPool3d,torch.nn,True,True,True,7,"cuda_agent_6k_ops,cudallm_sft,drkernel_coldstart"
torch.nn.AvgPool1d,torch.nn,True,True,True,8162,"cuda_agent_6k_ops,cudallm_rl,cudallm_sft,drkernel_coldstart,drkernel_rl"
torch.nn.AvgPool2d,torch.nn,True,True,True,9766,"cuda_agent_6k_ops,cudallm_rl,cudallm_sft,drkernel_coldstart,drkernel_rl"
torch.nn.AvgPool3d,torch.nn,True,True,True,1193,"cuda_agent_6k_ops,cudallm_rl,cudallm_sft,drkernel_coldstart,drkernel_rl"
torch.nn.BCELoss,torch.nn,True,True,True,8,"cudallm_rl,drkernel_rl"
torch.nn.BCEWithLogitsLoss,torch.nn,True,True,True,7898,"cuda_agent_6k_ops,cudallm_rl,cudallm_sft,drkernel_coldstart,drkernel_rl"
torch.nn.BatchNorm1d,torch.nn,True,True,True,9273,"cuda_agent_6k_ops,cudallm_rl,cudallm_sft,drkernel_coldstart,drkernel_rl"
torch.nn.BatchNorm2d,torch.nn,True,True,True,10500,"cuda_agent_6k_ops,cudallm_rl,cudallm_sft,drkernel_coldstart,drkernel_rl"
torch.nn.BatchNorm3d,torch.nn,True,True,True,7944,"cuda_agent_6k_ops,cudallm_rl,cudallm_sft,drkernel_coldstart,drkernel_rl"
torch.nn.Bilinear,torch.nn,True,True,True,42,"cudallm_rl,cudallm_sft,drkernel_coldstart,drkernel_rl"
torch.nn.CELU,torch.nn,True,True,True,17,"cuda_agent_6k_ops,cudallm_rl,drkernel_rl"
torch.nn.CTCLoss,torch.nn,True,True,True,6,cuda_agent_6k_ops
torch.nn.ChannelShuffle,torch.nn,True,True,True,13,"cuda_agent_6k_ops,cudallm_rl,drkernel_rl"
torch.nn.CircularPad1d,torch.nn,True,True,True,3,cuda_agent_6k_ops
torch.nn.CircularPad2d,torch.nn,True,True,True,4,"cudallm_sft,drkernel_coldstart"
torch.nn.CircularPad3d,torch.nn,True,True,True,11,"cuda_agent_6k_ops,cudallm_rl,drkernel_rl"
torch.nn.ConstantPad1d,torch.nn,True,True,True,8087,"cuda_agent_6k_ops,cudallm_rl,cudallm_sft,drkernel_coldstart,drkernel_rl"
torch.nn.ConstantPad2d,torch.nn,True,True,True,7907,"cuda_agent_6k_ops,cudallm_rl,cudallm_sft,drkernel_coldstart,drkernel_rl"
torch.nn.ConstantPad3d,torch.nn,True,True,True,11,"cuda_agent_6k_ops,cudallm_rl,drkernel_rl"
torch.nn.Conv1d,torch.nn,True,True,True,22868,"cuda_agent_6k_ops,cudallm_rl,cudallm_sft,drkernel_coldstart,drkernel_rl"
torch.nn.Conv2d,torch.nn,True,True,True,35094,"cuda_agent_6k_ops,cudallm_rl,cudallm_sft,drkernel_coldstart,drkernel_rl"
torch.nn.Conv3d,torch.nn,True,True,True,17935,"cuda_agent_6k_ops,cudallm_rl,cudallm_sft,drkernel_coldstart,drkernel_rl"
torch.nn.ConvTranspose1d,torch.nn,True,True,True,20833,"cuda_agent_6k_ops,cudallm_rl,cudallm_sft,drkernel_coldstart,drkernel_rl"
torch.nn.ConvTranspose2d,torch.nn,True,True,True,21780,"cuda_agent_6k_ops,cudallm_rl,cudallm_sft,drkernel_coldstart,drkernel_rl"
torch.nn.ConvTranspose3d,torch.nn,True,True,True,10051,"cuda_agent_6k_ops,cudallm_rl,cudallm_sft,drkernel_coldstart,drkernel_rl"
torch.nn.CosineEmbeddingLoss,torch.nn,True,True,True,22,"cuda_agent_6k_ops,cudallm_rl,drkernel_rl"
torch.nn.CosineSimilarity,torch.nn,True,True,True,102,"cuda_agent_6k_ops,cudallm_rl,cudallm_sft,drkernel_coldstart,drkernel_rl"
torch.nn.CrossEntropyLoss,torch.nn,True,True,True,7607,"cuda_agent_6k_ops,cudallm_rl,cudallm_sft,drkernel_coldstart,drkernel_rl"
torch.nn.CrossMapLRN2d,torch.nn,True,True,True,15,"cuda_agent_6k_ops,cudallm_rl,cudallm_sft,drkernel_coldstart,drkernel_rl"
torch.nn.Dropout,torch.nn,True,True,True,10707,"cuda_agent_6k_ops,cudallm_rl,cudallm_sft,drkernel_coldstart,drkernel_rl"
torch.nn.Dropout2d,torch.nn,True,True,True,7821,"cuda_agent_6k_ops,cudallm_rl,cudallm_sft,drkernel_coldstart,drkernel_rl"
torch.nn.Dropout3d,torch.nn,True,True,True,38,"cudallm_rl,drkernel_rl"
torch.nn.ELU,torch.nn,True,True,True,8727,"cuda_agent_6k_ops,cudallm_rl,cudallm_sft,drkernel_coldstart,drkernel_rl"
torch.nn.Embedding,torch.nn,True,True,True,13093,"cuda_agent_6k_ops,cudallm_rl,cudallm_sft,drkernel_coldstart,drkernel_rl"
torch.nn.Embedding.from_pretrained,torch.nn,True,True,True,42,"cudallm_rl,drkernel_rl"
torch.nn.EmbeddingBag,torch.nn,True,True,True,25,"cuda_agent_6k_ops,cudallm_rl,drkernel_rl"
torch.nn.Flatten,torch.nn,True,True,True,8436,"cuda_agent_6k_ops,cudallm_rl,cudallm_sft,drkernel_coldstart,drkernel_rl"
torch.nn.Fold,torch.nn,True,True,True,8,"cuda_agent_6k_ops,cudallm_rl,drkernel_rl"
torch.nn.FractionalMaxPool2d,torch.nn,True,True,True,8,"cudallm_rl,drkernel_rl"
torch.nn.FractionalMaxPool3d,torch.nn,True,True,True,8,"cudallm_rl,drkernel_rl"
torch.nn.GELU,torch.nn,True,True,True,19390,"cuda_agent_6k_ops,cudallm_rl,cudallm_sft,drkernel_coldstart,drkernel_rl"
torch.nn.GLU,torch.nn,True,True,True,8266,"cuda_agent_6k_ops,cudallm_rl,cudallm_sft,drkernel_coldstart,drkernel_rl"
torch.nn.GRU,torch.nn,True,True,True,14,"cuda_agent_6k_ops,cudallm_rl,drkernel_rl"
torch.nn.GRUCell,torch.nn,True,True,True,8,"cudallm_rl,drkernel_rl"
torch.nn.GaussianNLLLoss,torch.nn,True,True,True,8,"cudallm_rl,drkernel_rl"
torch.nn.GroupNorm,torch.nn,True,True,True,10315,"cuda_agent_6k_ops,cudallm_rl,cudallm_sft,drkernel_coldstart,drkernel_rl"
torch.nn.Hardshrink,torch.nn,True,True,True,680,"cuda_agent_6k_ops,cudallm_rl,cudallm_sft,drkernel_coldstart,drkernel_rl"
torch.nn.Hardsigmoid,torch.nn,True,True,True,262,"cuda_agent_6k_ops,cudallm_rl,cudallm_sft,drkernel_coldstart,drkernel_rl"
torch.nn.Hardswish,torch.nn,True,True,True,9718,"cuda_agent_6k_ops,cudallm_rl,cudallm_sft,drkernel_coldstart,drkernel_rl"
torch.nn.Hardtanh,torch.nn,True,True,True,2557,"cuda_agent_6k_ops,cudallm_rl,cudallm_sft,drkernel_coldstart,drkernel_rl"
torch.nn.HingeEmbeddingLoss,torch.nn,True,True,True,8,"cudallm_rl,drkernel_rl"
torch.nn.InstanceNorm1d,torch.nn,True,True,True,77,"cuda_agent_6k_ops,cudallm_rl,cudallm_sft,drkernel_coldstart,drkernel_rl"
torch.nn.InstanceNorm2d,torch.nn,True,True,True,1709,"cuda_agent_6k_ops,cudallm_rl,cudallm_sft,drkernel_coldstart,drkernel_rl"
torch.nn.InstanceNorm3d,torch.nn,True,True,True,1287,"cuda_agent_6k_ops,cudallm_rl,cudallm_sft,drkernel_coldstart,drkernel_rl"
torch.nn.KLDivLoss,torch.nn,True,True,True,8105,"cuda_agent_6k_ops,cudallm_rl,cudallm_sft,drkernel_coldstart,drkernel_rl"
torch.nn.L1Loss,torch.nn,True,True,True,8050,"cuda_agent_6k_ops,cudallm_rl,cudallm_sft,drkernel_coldstart,drkernel_rl"
torch.nn.LPPool1d,torch.nn,True,True,True,15,"cuda_agent_6k_ops,cudallm_rl,cudallm_sft,drkernel_coldstart,drkernel_rl"
torch.nn.LPPool2d,torch.nn,True,True,True,11,"cuda_agent_6k_ops,cudallm_rl,drkernel_rl"
torch.nn.LPPool3d,torch.nn,True,True,True,8,"cudallm_rl,drkernel_rl"
torch.nn.LSTM,torch.nn,True,True,True,8737,"cuda_agent_6k_ops,cudallm_rl,drkernel_rl"
torch.nn.LayerNorm,torch.nn,True,True,True,10611,"cuda_agent_6k_ops,cudallm_rl,cudallm_sft,drkernel_coldstart,drkernel_rl"
torch.nn.LazyBatchNorm1d,torch.nn,True,True,True,8,"cudallm_rl,drkernel_rl"
torch.nn.LazyBatchNorm2d,torch.nn,True,True,True,14,"cuda_agent_6k_ops,cudallm_rl,drkernel_rl"
torch.nn.LazyBatchNorm3d,torch.nn,True,True,True,8,"cudallm_rl,drkernel_rl"
torch.nn.LazyConv1d,torch.nn,True,True,True,8,"cudallm_rl,drkernel_rl"
torch.nn.LazyConv2d,torch.nn,True,True,True,8,"cudallm_rl,drkernel_rl"
torch.nn.LazyConv3d,torch.nn,True,True,True,6,cuda_agent_6k_ops
torch.nn.LazyConvTranspose1d,torch.nn,True,True,True,11,"cuda_agent_6k_ops,cudallm_rl,drkernel_rl"
torch.nn.LazyConvTranspose2d,torch.nn,True,True,True,6,cuda_agent_6k_ops
torch.nn.LazyConvTranspose3d,torch.nn,True,True,True,14,"cuda_agent_6k_ops,cudallm_rl,drkernel_rl"
torch.nn.LazyInstanceNorm1d,torch.nn,True,True,True,3,cuda_agent_6k_ops
torch.nn.LazyInstanceNorm2d,torch.nn,True,True,True,11,"cuda_agent_6k_ops,cudallm_rl,drkernel_rl"
torch.nn.LazyInstanceNorm3d,torch.nn,True,True,True,3,cuda_agent_6k_ops
torch.nn.LazyLinear,torch.nn,True,True,True,9,"cuda_agent_6k_ops,cudallm_rl,drkernel_rl"
torch.nn.LeakyReLU,torch.nn,True,True,True,10260,"cuda_agent_6k_ops,cudallm_rl,cudallm_sft,drkernel_coldstart,drkernel_rl"
torch.nn.Linear,torch.nn,True,True,True,65676,"cuda_agent_6k_ops,cudallm_rl,cudallm_sft,drkernel_coldstart,drkernel_rl"
torch.nn.LocalResponseNorm,torch.nn,True,True,True,15,"cuda_agent_6k_ops,cudallm_rl,cudallm_sft,drkernel_coldstart,drkernel_rl"
torch.nn.LogSigmoid,torch.nn,True,True,True,50,"cudallm_rl,drkernel_rl"
torch.nn.LogSoftmax,torch.nn,True,True,True,8877,"cuda_agent_6k_ops,cudallm_rl,cudallm_sft,drkernel_coldstart,drkernel_rl"
torch.nn.MSELoss,torch.nn,True,True,True,8005,"cuda_agent_6k_ops,cudallm_rl,cudallm_sft,drkernel_coldstart,drkernel_rl"
torch.nn.MarginRankingLoss,torch.nn,True,True,True,14,"cudallm_rl,drkernel_rl"
torch.nn.MaxPool1d,torch.nn,True,True,True,8575,"cuda_agent_6k_ops,cudallm_rl,cudallm_sft,drkernel_coldstart,drkernel_rl"
torch.nn.MaxPool2d,torch.nn,True,True,True,11045,"cuda_agent_6k_ops,cudallm_rl,cudallm_sft,drkernel_coldstart,drkernel_rl"
torch.nn.MaxPool3d,torch.nn,True,True,True,1340,"cuda_agent_6k_ops,cudallm_rl,cudallm_sft,drkernel_coldstart,drkernel_rl"
torch.nn.MaxUnpool1d,torch.nn,True,True,True,8,"cudallm_rl,drkernel_rl"
torch.nn.MaxUnpool3d,torch.nn,True,True,True,8,"cudallm_rl,drkernel_rl"
torch.nn.Mish,torch.nn,True,True,True,1116,"cuda_agent_6k_ops,cudallm_rl,cudallm_sft,drkernel_coldstart,drkernel_rl"
torch.nn.MultiLabelMarginLoss,torch.nn,True,True,True,20,"cuda_agent_6k_ops,cudallm_rl,drkernel_rl"
torch.nn.MultiLabelSoftMarginLoss,torch.nn,True,True,True,8,"cudallm_rl,drkernel_rl"
torch.nn.MultiheadAttention,torch.nn,True,True,True,8199,"cuda_agent_6k_ops,cudallm_rl,drkernel_rl"
torch.nn.NLLLoss,torch.nn,True,True,True,3,cuda_agent_6k_ops
torch.nn.NLLLoss2d,torch.nn,True,True,True,3,cuda_agent_6k_ops
torch.nn.PReLU,torch.nn,True,True,True,8621,"cuda_agent_6k_ops,cudallm_rl,cudallm_sft,drkernel_coldstart,drkernel_rl"
torch.nn.PixelShuffle,torch.nn,True,True,True,7170,"cuda_agent_6k_ops,cudallm_rl,cudallm_sft,drkernel_coldstart,drkernel_rl"
torch.nn.PixelUnshuffle,torch.nn,True,True,True,3,cuda_agent_6k_ops
torch.nn.PoissonNLLLoss,torch.nn,True,True,True,8,"cudallm_rl,drkernel_rl"
torch.nn.RMSNorm,torch.nn,True,True,True,7106,"cuda_agent_6k_ops,cudallm_rl,cudallm_sft,drkernel_coldstart,drkernel_rl"
torch.nn.RNN,torch.nn,True,True,True,26,"cuda_agent_6k_ops,cudallm_rl,drkernel_rl"
torch.nn.RNNCell,torch.nn,True,True,True,8,"cudallm_rl,drkernel_rl"
torch.nn.RReLU,torch.nn,True,True,True,8,"cudallm_rl,drkernel_rl"
torch.nn.ReLU,torch.nn,True,True,True,17300,"cuda_agent_6k_ops,cudallm_rl,cudallm_sft,drkernel_coldstart,drkernel_rl"
torch.nn.ReLU6,torch.nn,True,True,True,8708,"cuda_agent_6k_ops,cudallm_rl,cudallm_sft,drkernel_coldstart,drkernel_rl"
torch.nn.ReflectionPad1d,torch.nn,True,True,True,14,"cudallm_rl,drkernel_rl"
torch.nn.ReflectionPad2d,torch.nn,True,True,True,7844,"cuda_agent_6k_ops,cudallm_rl,cudallm_sft,drkernel_coldstart,drkernel_rl"
torch.nn.ReflectionPad3d,torch.nn,True,True,True,11,"cuda_agent_6k_ops,cudallm_rl,drkernel_rl"
torch.nn.ReplicationPad1d,torch.nn,True,True,True,4,"cudallm_sft,drkernel_coldstart"
torch.nn.ReplicationPad2d,torch.nn,True,True,True,11,"cuda_agent_6k_ops,cudallm_rl,drkernel_rl"
torch.nn.ReplicationPad3d,torch.nn,True,True,True,4,"cudallm_sft,drkernel_coldstart"
torch.nn.SELU,torch.nn,True,True,True,704,"cuda_agent_6k_ops,cudallm_rl,cudallm_sft,drkernel_coldstart,drkernel_rl"
torch.nn.SiLU,torch.nn,True,True,True,8993,"cuda_agent_6k_ops,cudallm_rl,cudallm_sft,drkernel_coldstart,drkernel_rl"
torch.nn.Sigmoid,torch.nn,True,True,True,11170,"cuda_agent_6k_ops,cudallm_rl,cudallm_sft,drkernel_coldstart,drkernel_rl"
torch.nn.SmoothL1Loss,torch.nn,True,True,True,133,"cuda_agent_6k_ops,cudallm_rl,cudallm_sft,drkernel_coldstart,drkernel_rl"
torch.nn.SoftMarginLoss,torch.nn,True,True,True,8,"cudallm_rl,drkernel_rl"
torch.nn.Softmax,torch.nn,True,True,True,11259,"cuda_agent_6k_ops,cudallm_rl,cudallm_sft,drkernel_coldstart,drkernel_rl"
torch.nn.Softmax2d,torch.nn,True,True,True,8,"cudallm_rl,drkernel_rl"
torch.nn.Softmin,torch.nn,True,True,True,13,"cuda_agent_6k_ops,cudallm_rl,cudallm_sft,drkernel_coldstart,drkernel_rl"
torch.nn.Softplus,torch.nn,True,True,True,9543,"cuda_agent_6k_ops,cudallm_rl,cudallm_sft,drkernel_coldstart,drkernel_rl"
torch.nn.Softshrink,torch.nn,True,True,True,31,"cuda_agent_6k_ops,cudallm_rl,cudallm_sft,drkernel_coldstart,drkernel_rl"
torch.nn.Softsign,torch.nn,True,True,True,11,"cuda_agent_6k_ops,cudallm_rl,drkernel_rl"
torch.nn.SyncBatchNorm,torch.nn,True,True,True,7896,"cuda_agent_6k_ops,cudallm_rl,cudallm_sft,drkernel_coldstart,drkernel_rl"
torch.nn.SyncBatchNorm.convert_sync_batchnorm,torch.nn,True,True,True,6,"cudallm_rl,drkernel_rl"
torch.nn.Tanh,torch.nn,True,True,True,11364,"cuda_agent_6k_ops,cudallm_rl,cudallm_sft,drkernel_coldstart,drkernel_rl"
torch.nn.Tanhshrink,torch.nn,True,True,True,12,"cudallm_rl,cudallm_sft,drkernel_coldstart,drkernel_rl"
torch.nn.Threshold,torch.nn,True,True,True,57,"cuda_agent_6k_ops,cudallm_rl,cudallm_sft,drkernel_coldstart,drkernel_rl"
torch.nn.Transformer,torch.nn,True,True,True,18,"cudallm_rl,drkernel_rl"
torch.nn.TransformerDecoder,torch.nn,True,True,True,8,"cudallm_rl,drkernel_rl"
torch.nn.TransformerDecoderLayer,torch.nn,True,True,True,14,"cudallm_rl,drkernel_rl"
torch.nn.TransformerEncoder,torch.nn,True,True,True,10,"cudallm_rl,drkernel_rl"
torch.nn.TransformerEncoderLayer,torch.nn,True,True,True,38,"cuda_agent_6k_ops,cudallm_rl,drkernel_rl"
torch.nn.TripletMarginLoss,torch.nn,True,True,True,965,"cuda_agent_6k_ops,cudallm_rl,cudallm_sft,drkernel_coldstart,drkernel_rl"
torch.nn.TripletMarginWithDistanceLoss,torch.nn,True,True,True,8,"cudallm_rl,drkernel_rl"
torch.nn.Unflatten,torch.nn,True,True,True,14,"cudallm_rl,drkernel_rl"
torch.nn.Unfold,torch.nn,True,True,True,6737,"cuda_agent_6k_ops,cudallm_rl,cudallm_sft,drkernel_coldstart,drkernel_rl"
torch.nn.Upsample,torch.nn,True,True,True,7623,"cuda_agent_6k_ops,cudallm_rl,cudallm_sft,drkernel_coldstart,drkernel_rl"
torch.nn.UpsamplingBilinear2d,torch.nn,True,True,True,18,"cuda_agent_6k_ops,cudallm_rl,drkernel_rl"
torch.nn.UpsamplingNearest2d,torch.nn,True,True,True,8,"cudallm_rl,drkernel_rl"
torch.nn.ZeroPad1d,torch.nn,True,True,True,8,"cudallm_rl,drkernel_rl"
torch.nn.ZeroPad2d,torch.nn,True,True,True,7574,"cuda_agent_6k_ops,cudallm_rl,cudallm_sft,drkernel_coldstart,drkernel_rl"
torch.nn.ZeroPad3d,torch.nn,True,True,True,3,cuda_agent_6k_ops
torch.nn.functional.adaptive_avg_pool1d,torch.nn.functional,True,True,True,36,"cudallm_rl,drkernel_rl"
torch.nn.functional.adaptive_avg_pool2d,torch.nn.functional,True,True,True,727,"cuda_agent_6k_ops,cudallm_rl,cudallm_sft,drkernel_coldstart,drkernel_rl"
torch.nn.functional.adaptive_avg_pool3d,torch.nn.functional,True,True,True,52,"cuda_agent_6k_ops,cudallm_rl,cudallm_sft,drkernel_coldstart,drkernel_rl"
torch.nn.functional.adaptive_max_pool1d,torch.nn.functional,True,True,True,6,"cudallm_rl,drkernel_rl"
torch.nn.functional.adaptive_max_pool1d_with_indices,torch.nn.functional,True,True,True,11,"cuda_agent_6k_ops,cudallm_rl,drkernel_rl"
torch.nn.functional.adaptive_max_pool2d,torch.nn.functional,True,True,True,17,"cuda_agent_6k_ops,cudallm_rl,drkernel_rl"
torch.nn.functional.adaptive_max_pool2d_with_indices,torch.nn.functional,True,True,True,8,"cudallm_rl,drkernel_rl"
torch.nn.functional.adaptive_max_pool3d,torch.nn.functional,True,True,True,5,"cuda_agent_6k_ops,cudallm_sft,drkernel_coldstart"
torch.nn.functional.adaptive_max_pool3d_with_indices,torch.nn.functional,True,True,True,12,"cudallm_rl,cudallm_sft,drkernel_coldstart,drkernel_rl"
torch.nn.functional.affine_grid,torch.nn.functional,True,True,True,8,"cudallm_rl,drkernel_rl"
torch.nn.functional.avg_pool1d,torch.nn.functional,True,True,True,67,"cudallm_rl,cudallm_sft,drkernel_coldstart,drkernel_rl"
torch.nn.functional.avg_pool2d,torch.nn.functional,True,True,True,63,"cuda_agent_6k_ops,cudallm_rl,cudallm_sft,drkernel_coldstart,drkernel_rl"
torch.nn.functional.avg_pool3d,torch.nn.functional,True,True,True,30,"cuda_agent_6k_ops,cudallm_rl,cudallm_sft,drkernel_coldstart,drkernel_rl"
torch.nn.functional.batch_norm,torch.nn.functional,True,True,True,49,"cuda_agent_6k_ops,cudallm_rl,cudallm_sft,drkernel_coldstart,drkernel_rl"
torch.nn.functional.binary_cross_entropy_with_logits,torch.nn.functional,True,True,True,7526,"cuda_agent_6k_ops,cudallm_rl,cudallm_sft,drkernel_coldstart,drkernel_rl"
torch.nn.functional.celu,torch.nn.functional,True,True,True,14,"cudallm_rl,drkernel_rl"
torch.nn.functional.channel_shuffle,torch.nn.functional,True,True,True,3,cuda_agent_6k_ops
torch.nn.functional.conv1d,torch.nn.functional,True,True,True,6692,"cuda_agent_6k_ops,cudallm_rl,cudallm_sft,drkernel_coldstart,drkernel_rl"
torch.nn.functional.conv2d,torch.nn.functional,True,True,True,114,"cuda_agent_6k_ops,cudallm_rl,cudallm_sft,drkernel_rl"
torch.nn.functional.conv3d,torch.nn.functional,True,True,True,3,cuda_agent_6k_ops
torch.nn.functional.conv_transpose1d,torch.nn.functional,True,True,True,4423,"cuda_agent_6k_ops,cudallm_rl,cudallm_sft,drkernel_coldstart,drkernel_rl"
torch.nn.functional.conv_transpose2d,torch.nn.functional,True,True,True,24,"cuda_agent_6k_ops,cudallm_rl,cudallm_sft,drkernel_rl"
torch.nn.functional.conv_transpose3d,torch.nn.functional,True,True,True,8,"cudallm_rl,drkernel_rl"
torch.nn.functional.cosine_embedding_loss,torch.nn.functional,True,True,True,8,"cudallm_rl,drkernel_rl"
torch.nn.functional.cosine_similarity,torch.nn.functional,True,True,True,8796,"cuda_agent_6k_ops,cudallm_rl,cudallm_sft,drkernel_coldstart,drkernel_rl"
torch.nn.functional.cross_entropy,torch.nn.functional,True,True,True,7938,"cuda_agent_6k_ops,cudallm_rl,cudallm_sft,drkernel_coldstart,drkernel_rl"
torch.nn.functional.ctc_loss,torch.nn.functional,True,True,True,14,"cuda_agent_6k_ops,cudallm_rl,drkernel_rl"
torch.nn.functional.dropout,torch.nn.functional,True,True,True,7785,"cuda_agent_6k_ops,cudallm_rl,cudallm_sft,drkernel_coldstart,drkernel_rl"
torch.nn.functional.dropout1d,torch.nn.functional,True,True,True,8,"cudallm_rl,drkernel_rl"
torch.nn.functional.dropout2d,torch.nn.functional,True,True,True,7061,"cuda_agent_6k_ops,cudallm_rl,cudallm_sft,drkernel_coldstart,drkernel_rl"
torch.nn.functional.dropout3d,torch.nn.functional,True,True,True,6,"cudallm_rl,drkernel_rl"
torch.nn.functional.elu,torch.nn.functional,True,True,True,1806,"cuda_agent_6k_ops,cudallm_rl,cudallm_sft,drkernel_coldstart,drkernel_rl"
torch.nn.functional.embedding,torch.nn.functional,True,True,True,4706,"cuda_agent_6k_ops,cudallm_rl,cudallm_sft,drkernel_coldstart,drkernel_rl"
torch.nn.functional.embedding_bag,torch.nn.functional,True,True,True,11,"cuda_agent_6k_ops,cudallm_rl,drkernel_rl"
torch.nn.functional.feature_alpha_dropout,torch.nn.functional,True,True,True,8,"cudallm_rl,drkernel_rl"
torch.nn.functional.fractional_max_pool2d,torch.nn.functional,True,True,True,14,"cudallm_rl,drkernel_rl"
torch.nn.functional.fractional_max_pool2d_with_indices,torch.nn.functional,True,True,True,8,"cudallm_rl,drkernel_rl"
torch.nn.functional.fractional_max_pool3d,torch.nn.functional,True,True,True,6,"cudallm_rl,drkernel_rl"
torch.nn.functional.fractional_max_pool3d_with_indices,torch.nn.functional,True,True,True,8,"cudallm_rl,drkernel_rl"
torch.nn.functional.gelu,torch.nn.functional,True,True,True,10272,"cuda_agent_6k_ops,cudallm_rl,cudallm_sft,drkernel_coldstart,drkernel_rl"
torch.nn.functional.glu,torch.nn.functional,True,True,True,21,"cudallm_rl,cudallm_sft,drkernel_rl"
torch.nn.functional.grid_sample,torch.nn.functional,True,True,True,18,"cuda_agent_6k_ops,cudallm_rl,cudallm_sft,drkernel_rl"
torch.nn.functional.group_norm,torch.nn.functional,True,True,True,8030,"cuda_agent_6k_ops,cudallm_rl,cudallm_sft,drkernel_coldstart,drkernel_rl"
torch.nn.functional.gumbel_softmax,torch.nn.functional,True,True,True,9,"cudallm_rl,cudallm_sft,drkernel_rl"
torch.nn.functional.hardshrink,torch.nn.functional,True,True,True,482,"cuda_agent_6k_ops,cudallm_rl,cudallm_sft,drkernel_coldstart,drkernel_rl"
torch.nn.functional.hardsigmoid,torch.nn.functional,True,True,True,1220,"cuda_agent_6k_ops,cudallm_rl,cudallm_sft,drkernel_coldstart,drkernel_rl"
torch.nn.functional.hardswish,torch.nn.functional,True,True,True,1356,"cuda_agent_6k_ops,cudallm_rl,cudallm_sft,drkernel_coldstart,drkernel_rl"
torch.nn.functional.hardtanh,torch.nn.functional,True,True,True,1780,"cuda_agent_6k_ops,cudallm_rl,cudallm_sft,drkernel_coldstart,drkernel_rl"
torch.nn.functional.hinge_embedding_loss,torch.nn.functional,True,True,True,8,"cudallm_rl,drkernel_rl"
torch.nn.functional.huber_loss,torch.nn.functional,True,True,True,8,"cudallm_rl,drkernel_rl"
torch.nn.functional.instance_norm,torch.nn.functional,True,True,True,57,"cuda_agent_6k_ops,cudallm_rl,cudallm_sft,drkernel_coldstart,drkernel_rl"
torch.nn.functional.interpolate,torch.nn.functional,True,True,True,8254,"cuda_agent_6k_ops,cudallm_rl,cudallm_sft,drkernel_coldstart,drkernel_rl"
torch.nn.functional.kl_div,torch.nn.functional,True,True,True,8272,"cuda_agent_6k_ops,cudallm_rl,cudallm_sft,drkernel_coldstart,drkernel_rl"
torch.nn.functional.l1_loss,torch.nn.functional,True,True,True,7425,"cuda_agent_6k_ops,cudallm_rl,cudallm_sft,drkernel_coldstart,drkernel_rl"
torch.nn.functional.layer_norm,torch.nn.functional,True,True,True,7194,"cuda_agent_6k_ops,cudallm_rl,cudallm_sft,drkernel_coldstart,drkernel_rl"
torch.nn.functional.leaky_relu,torch.nn.functional,True,True,True,1960,"cuda_agent_6k_ops,cudallm_rl,cudallm_sft,drkernel_coldstart,drkernel_rl"
torch.nn.functional.linear,torch.nn.functional,True,True,True,6990,"cuda_agent_6k_ops,cudallm_rl,cudallm_sft,drkernel_coldstart,drkernel_rl"
torch.nn.functional.local_response_norm,torch.nn.functional,True,True,True,15,"cuda_agent_6k_ops,cudallm_rl,cudallm_sft,drkernel_coldstart,drkernel_rl"
torch.nn.functional.log_softmax,torch.nn.functional,True,True,True,15096,"cuda_agent_6k_ops,cudallm_rl,cudallm_sft,drkernel_coldstart,drkernel_rl"
torch.nn.functional.logsigmoid,torch.nn.functional,True,True,True,6,"cudallm_rl,drkernel_rl"
torch.nn.functional.lp_pool1d,torch.nn.functional,True,True,True,12,"cudallm_rl,cudallm_sft,drkernel_coldstart,drkernel_rl"
torch.nn.functional.lp_pool2d,torch.nn.functional,True,True,True,15,"cuda_agent_6k_ops,cudallm_rl,cudallm_sft,drkernel_coldstart,drkernel_rl"
torch.nn.functional.lp_pool3d,torch.nn.functional,True,True,True,11,"cuda_agent_6k_ops,cudallm_rl,cudallm_sft,drkernel_coldstart,drkernel_rl"
torch.nn.functional.margin_ranking_loss,torch.nn.functional,True,True,True,8,"cudallm_rl,drkernel_rl"
torch.nn.functional.max_pool1d,torch.nn.functional,True,True,True,59,"cudallm_rl,cudallm_sft,drkernel_coldstart,drkernel_rl"
torch.nn.functional.max_pool1d_with_indices,torch.nn.functional,True,True,True,11,"cuda_agent_6k_ops,cudallm_rl,drkernel_rl"
torch.nn.functional.max_pool2d,torch.nn.functional,True,True,True,170,"cuda_agent_6k_ops,cudallm_rl,cudallm_sft,drkernel_coldstart,drkernel_rl"
torch.nn.functional.max_pool2d_with_indices,torch.nn.functional,True,True,True,3,cuda_agent_6k_ops
torch.nn.functional.max_pool3d,torch.nn.functional,True,True,True,19,"cuda_agent_6k_ops,cudallm_rl,cudallm_sft,drkernel_coldstart,drkernel_rl"
torch.nn.functional.max_pool3d_with_indices,torch.nn.functional,True,True,True,8,"cudallm_rl,drkernel_rl"
torch.nn.functional.max_unpool1d,torch.nn.functional,True,True,True,12,"cudallm_rl,cudallm_sft,drkernel_coldstart,drkernel_rl"
torch.nn.functional.max_unpool3d,torch.nn.functional,True,True,True,8,"cudallm_rl,drkernel_rl"
torch.nn.functional.mish,torch.nn.functional,True,True,True,1569,"cuda_agent_6k_ops,cudallm_rl,cudallm_sft,drkernel_coldstart,drkernel_rl"
torch.nn.functional.mse_loss,torch.nn.functional,True,True,True,8004,"cuda_agent_6k_ops,cudallm_rl,cudallm_sft,drkernel_coldstart,drkernel_rl"
torch.nn.functional.multi_head_attention_forward,torch.nn.functional,True,True,True,1028,"cuda_agent_6k_ops,cudallm_rl,drkernel_rl"
torch.nn.functional.multi_margin_loss,torch.nn.functional,True,True,True,8,"cudallm_rl,drkernel_rl"
torch.nn.functional.multilabel_margin_loss,torch.nn.functional,True,True,True,14,"cuda_agent_6k_ops,cudallm_rl,drkernel_rl"
torch.nn.functional.multilabel_soft_margin_loss,torch.nn.functional,True,True,True,3,cuda_agent_6k_ops
torch.nn.functional.native_channel_shuffle,torch.nn.functional,True,True,True,11,"cuda_agent_6k_ops,cudallm_rl,drkernel_rl"
torch.nn.functional.nll_loss,torch.nn.functional,True,True,True,10,"cudallm_rl,cudallm_sft,drkernel_rl"
torch.nn.functional.normalize,torch.nn.functional,True,True,True,8601,"cuda_agent_6k_ops,cudallm_rl,cudallm_sft,drkernel_coldstart,drkernel_rl"
torch.nn.functional.one_hot,torch.nn.functional,True,True,True,8252,"cuda_agent_6k_ops,cudallm_rl,cudallm_sft,drkernel_coldstart,drkernel_rl"
torch.nn.functional.pad,torch.nn.functional,True,True,True,8057,"cuda_agent_6k_ops,cudallm_rl,cudallm_sft,drkernel_coldstart,drkernel_rl"
torch.nn.functional.pairwise_distance,torch.nn.functional,True,True,True,13,"cudallm_rl,cudallm_sft,drkernel_coldstart,drkernel_rl"
torch.nn.functional.pdist,torch.nn.functional,True,True,True,3,cuda_agent_6k_ops
torch.nn.functional.pixel_shuffle,torch.nn.functional,True,True,True,12,"cuda_agent_6k_ops,cudallm_sft"
torch.nn.functional.pixel_unshuffle,torch.nn.functional,True,True,True,11,"cuda_agent_6k_ops,cudallm_rl,drkernel_rl"
torch.nn.functional.poisson_nll_loss,torch.nn.functional,True,True,True,8,"cudallm_rl,drkernel_rl"
torch.nn.functional.prelu,torch.nn.functional,True,True,True,21,"cudallm_rl,cudallm_sft,drkernel_coldstart,drkernel_rl"
torch.nn.functional.relu,torch.nn.functional,True,True,True,10058,"cuda_agent_6k_ops,cudallm_rl,cudallm_sft,drkernel_coldstart,drkernel_rl"
torch.nn.functional.relu6,torch.nn.functional,True,True,True,85,"cuda_agent_6k_ops,cudallm_rl,cudallm_sft,drkernel_coldstart,drkernel_rl"
torch.nn.functional.rms_norm,torch.nn.functional,True,True,True,13,"cudallm_rl,cudallm_sft,drkernel_coldstart,drkernel_rl"
torch.nn.functional.rrelu,torch.nn.functional,True,True,True,14,"cuda_agent_6k_ops,cudallm_rl,drkernel_rl"
torch.nn.functional.scaled_dot_product_attention,torch.nn.functional,True,True,True,7401,"cuda_agent_6k_ops,cudallm_rl,cudallm_sft,drkernel_coldstart,drkernel_rl"
torch.nn.functional.selu,torch.nn.functional,True,True,True,283,"cuda_agent_6k_ops,cudallm_rl,cudallm_sft,drkernel_coldstart,drkernel_rl"
torch.nn.functional.sigmoid,torch.nn.functional,True,True,True,9046,"cuda_agent_6k_ops,cudallm_rl,cudallm_sft,drkernel_coldstart,drkernel_rl"
torch.nn.functional.silu,torch.nn.functional,True,True,True,8569,"cuda_agent_6k_ops,cudallm_rl,cudallm_sft,drkernel_coldstart,drkernel_rl"
torch.nn.functional.smooth_l1_loss,torch.nn.functional,True,True,True,8592,"cuda_agent_6k_ops,cudallm_rl,cudallm_sft,drkernel_coldstart,drkernel_rl"
torch.nn.functional.soft_margin_loss,torch.nn.functional,True,True,True,8,"cudallm_rl,drkernel_rl"
torch.nn.functional.softmax,torch.nn.functional,True,True,True,27342,"cuda_agent_6k_ops,cudallm_rl,cudallm_sft,drkernel_coldstart,drkernel_rl"
torch.nn.functional.softmin,torch.nn.functional,True,True,True,17,"cuda_agent_6k_ops,cudallm_rl,drkernel_rl"
torch.nn.functional.softplus,torch.nn.functional,True,True,True,10541,"cuda_agent_6k_ops,cudallm_rl,cudallm_sft,drkernel_coldstart,drkernel_rl"
torch.nn.functional.softshrink,torch.nn.functional,True,True,True,8,"cudallm_rl,drkernel_rl"
torch.nn.functional.softsign,torch.nn.functional,True,True,True,8,"cudallm_rl,drkernel_rl"
torch.nn.functional.tanh,torch.nn.functional,True,True,True,200,"cuda_agent_6k_ops,cudallm_rl,cudallm_sft,drkernel_coldstart,drkernel_rl"
torch.nn.functional.tanhshrink,torch.nn.functional,True,True,True,4,"cudallm_sft,drkernel_coldstart"
torch.nn.functional.threshold,torch.nn.functional,True,True,True,46,"cudallm_rl,cudallm_sft,drkernel_coldstart,drkernel_rl"
torch.nn.functional.torch.cumsum,torch.nn.functional,True,True,True,6,"cudallm_rl,drkernel_rl"
torch.nn.functional.torch.mean,torch.nn.functional,True,True,True,6,"cudallm_rl,drkernel_rl"
torch.nn.functional.torch.pow,torch.nn.functional,True,True,True,6,"cudallm_rl,drkernel_rl"
torch.nn.functional.torch.tril,torch.nn.functional,True,True,True,8,"cuda_agent_6k_ops,cudallm_rl,drkernel_rl"
torch.nn.functional.triplet_margin_loss,torch.nn.functional,True,True,True,35,"cudallm_rl,cudallm_sft,drkernel_rl"
torch.nn.functional.triplet_margin_with_distance_loss,torch.nn.functional,True,True,True,8,"cudallm_rl,drkernel_rl"
torch.nn.functional.unfold,torch.nn.functional,True,True,True,7186,"cuda_agent_6k_ops,cudallm_rl,cudallm_sft,drkernel_coldstart,drkernel_rl"
torch.nn.functional.upsample,torch.nn.functional,True,True,True,11,"cuda_agent_6k_ops,cudallm_rl,drkernel_rl"
torch.nn.functional.upsample_bilinear,torch.nn.functional,True,True,True,15,"cuda_agent_6k_ops,cudallm_rl,cudallm_sft,drkernel_rl"
torch.nn.functional.upsample_nearest,torch.nn.functional,True,True,True,3,cuda_agent_6k_ops
torch.nn.quantized.FloatFunctional,torch.nn,True,True,True,4,"cudallm_sft,drkernel_coldstart"
torch.nonzero,torch,True,True,True,8034,"cuda_agent_6k_ops,cudallm_rl,cudallm_sft,drkernel_coldstart,drkernel_rl"
torch.norm,torch,True,True,True,9143,"cuda_agent_6k_ops,cudallm_rl,cudallm_sft,drkernel_coldstart,drkernel_rl"
torch.not_equal,torch,True,True,True,8,"cudallm_rl,drkernel_rl"
torch.numel,torch,True,True,True,12,"cudallm_rl,drkernel_rl"
torch.ormqr,torch,True,True,True,8,"cudallm_rl,drkernel_rl"
torch.outer,torch,True,True,True,6,"cudallm_rl,drkernel_rl"
torch.pairwise_distance,torch,True,True,True,13,"cudallm_rl,cudallm_sft,drkernel_coldstart,drkernel_rl"
torch.pdist,torch,True,True,True,11,"cuda_agent_6k_ops,cudallm_rl,drkernel_rl"
torch.permute,torch,True,True,True,6388,"cuda_agent_6k_ops,cudallm_rl,cudallm_sft,drkernel_coldstart,drkernel_rl"
torch.pixel_shuffle,torch,True,True,True,4,"cudallm_sft,drkernel_coldstart"
torch.pixel_unshuffle,torch,True,True,True,3,cuda_agent_6k_ops
torch.poisson,torch,True,True,True,6,"cudallm_rl,drkernel_rl"
torch.polar,torch,True,True,True,6729,"cuda_agent_6k_ops,cudallm_rl,cudallm_sft,drkernel_coldstart,drkernel_rl"
torch.positive,torch,True,True,True,8,"cudallm_rl,drkernel_rl"
torch.pow,torch,True,True,True,9924,"cuda_agent_6k_ops,cudallm_rl,cudallm_sft,drkernel_coldstart,drkernel_rl"
torch.prod,torch,True,True,True,9649,"cuda_agent_6k_ops,cudallm_rl,cudallm_sft,drkernel_coldstart,drkernel_rl"
torch.promote_types,torch,True,True,True,6,"cudallm_rl,drkernel_rl"
torch.quantile,torch,True,True,True,4,cudallm_sft
torch.quantization.QuantStub,torch,True,True,True,6,"cudallm_rl,drkernel_rl"
torch.rad2deg,torch,True,True,True,8,"cudallm_rl,drkernel_rl"
torch.range,torch,True,True,True,6,"cudallm_rl,drkernel_rl"
torch.real,torch,True,True,True,116,"cuda_agent_6k_ops,cudallm_rl,drkernel_rl"
torch.reciprocal,torch,True,True,True,8,"cudallm_rl,drkernel_rl"
torch.relu,torch,True,True,True,11231,"cuda_agent_6k_ops,cudallm_rl,cudallm_sft,drkernel_coldstart,drkernel_rl"
torch.relu_,torch,True,True,True,1,cudallm_sft
torch.remainder,torch,True,True,True,8525,"cuda_agent_6k_ops,cudallm_rl,cudallm_sft,drkernel_coldstart,drkernel_rl"
torch.renorm,torch,True,True,True,22,"cuda_agent_6k_ops,cudallm_rl,drkernel_rl"
torch.repeat_interleave,torch,True,True,True,8032,"cuda_agent_6k_ops,cudallm_rl,cudallm_sft,drkernel_coldstart,drkernel_rl"
torch.reshape,torch,True,True,True,7927,"cuda_agent_6k_ops,cudallm_rl,cudallm_sft,drkernel_coldstart,drkernel_rl"
torch.return_types.median,torch,True,True,True,1,cudallm_sft
torch.roll,torch,True,True,True,8349,"cuda_agent_6k_ops,cudallm_rl,cudallm_sft,drkernel_coldstart,drkernel_rl"
torch.rot90,torch,True,True,True,7528,"cuda_agent_6k_ops,cudallm_rl,cudallm_sft,drkernel_coldstart,drkernel_rl"
torch.round,torch,True,True,True,8469,"cuda_agent_6k_ops,cudallm_rl,cudallm_sft,drkernel_coldstart,drkernel_rl"
torch.rsqrt,torch,True,True,True,6187,"cuda_agent_6k_ops,cudallm_rl,cudallm_sft,drkernel_coldstart,drkernel_rl"
torch.save,torch,True,True,True,4,cudallm_sft
torch.scatter,torch,True,True,True,6421,"cuda_agent_6k_ops,cudallm_rl,cudallm_sft,drkernel_coldstart,drkernel_rl"
torch.scatter_reduce,torch,True,True,True,12,"cudallm_rl,cudallm_sft,drkernel_coldstart,drkernel_rl"
torch.searchsorted,torch,True,True,True,8,"cudallm_rl,drkernel_rl"
torch.selu,torch,True,True,True,980,"cuda_agent_6k_ops,cudallm_rl,cudallm_sft,drkernel_coldstart,drkernel_rl"
torch.sgn,torch,True,True,True,8,"cudallm_rl,drkernel_rl"
torch.sigmoid,torch,True,True,True,11065,"cuda_agent_6k_ops,cudallm_rl,cudallm_sft,drkernel_coldstart,drkernel_rl"
torch.sign,torch,True,True,True,8667,"cuda_agent_6k_ops,cudallm_rl,cudallm_sft,drkernel_coldstart,drkernel_rl"
torch.signbit,torch,True,True,True,3,cuda_agent_6k_ops
torch.sin,torch,True,True,True,8803,"cuda_agent_6k_ops,cudallm_rl,cudallm_sft,drkernel_coldstart,drkernel_rl"
torch.sinc,torch,True,True,True,8586,"cuda_agent_6k_ops,cudallm_rl,cudallm_sft,drkernel_coldstart,drkernel_rl"
torch.sinh,torch,True,True,True,8,"cudallm_rl,drkernel_rl"
torch.softmax,torch,True,True,True,10040,"cuda_agent_6k_ops,cudallm_rl,cudallm_sft,drkernel_coldstart,drkernel_rl"
torch.sort,torch,True,True,True,8528,"cuda_agent_6k_ops,cudallm_rl,cudallm_sft,drkernel_coldstart,drkernel_rl"
torch.split,torch,True,True,True,8146,"cuda_agent_6k_ops,cudallm_rl,cudallm_sft,drkernel_coldstart,drkernel_rl"
torch.split_with_sizes,torch,True,True,True,5987,"cuda_agent_6k_ops,cudallm_rl,cudallm_sft,drkernel_coldstart,drkernel_rl"
torch.split_with_sizes_copy,torch,True,True,True,11,"cuda_agent_6k_ops,cudallm_rl,drkernel_rl"
torch.sqrt,torch,True,True,True,7473,"cuda_agent_6k_ops,cudallm_rl,cudallm_sft,drkernel_coldstart,drkernel_rl"
torch.square,torch,True,True,True,8857,"cuda_agent_6k_ops,cudallm_rl,cudallm_sft,drkernel_coldstart,drkernel_rl"
torch.squeeze,torch,True,True,True,8167,"cuda_agent_6k_ops,cudallm_rl,cudallm_sft,drkernel_coldstart,drkernel_rl"
torch.stack,torch,True,True,True,14202,"cuda_agent_6k_ops,cudallm_rl,cudallm_sft,drkernel_coldstart,drkernel_rl"
torch.std,torch,True,True,True,8686,"cuda_agent_6k_ops,cudallm_rl,cudallm_sft,drkernel_coldstart,drkernel_rl"
torch.std_mean,torch,True,True,True,13,"cuda_agent_6k_ops,cudallm_rl,drkernel_rl"
torch.stft,torch,True,True,True,3977,"cuda_agent_6k_ops,cudallm_rl,drkernel_rl"
torch.sub,torch,True,True,True,9200,"cuda_agent_6k_ops,cudallm_rl,cudallm_sft,drkernel_coldstart,drkernel_rl"
torch.subtract,torch,True,True,True,28,"cudallm_rl,drkernel_rl"
torch.sum,torch,True,True,True,10733,"cuda_agent_6k_ops,cudallm_rl,cudallm_sft,drkernel_coldstart,drkernel_rl"
torch.t,torch,True,True,True,6139,"cuda_agent_6k_ops,cudallm_rl,cudallm_sft,drkernel_coldstart,drkernel_rl"
torch.take,torch,True,True,True,8,"cudallm_rl,drkernel_rl"
torch.tan,torch,True,True,True,8523,"cuda_agent_6k_ops,cudallm_rl,cudallm_sft,drkernel_coldstart,drkernel_rl"
torch.tanh,torch,True,True,True,10899,"cuda_agent_6k_ops,cudallm_rl,cudallm_sft,drkernel_coldstart,drkernel_rl"
torch.tensor_split,torch,True,True,True,8,"cudallm_rl,drkernel_rl"
torch.tile,torch,True,True,True,10,"cuda_agent_6k_ops,cudallm_rl,drkernel_rl"
torch.topk,torch,True,True,True,8418,"cuda_agent_6k_ops,cudallm_rl,cudallm_sft,drkernel_coldstart,drkernel_rl"
torch.torch.pow,torch,True,True,True,6,"cudallm_rl,drkernel_rl"
torch.transpose,torch,True,True,True,8103,"cuda_agent_6k_ops,cudallm_rl,cudallm_sft,drkernel_coldstart,drkernel_rl"
torch.triangular_solve,torch,True,True,True,8,"cudallm_rl,drkernel_rl"
torch.tril,torch,True,True,True,9780,"cuda_agent_6k_ops,cudallm_rl,cudallm_sft,drkernel_coldstart,drkernel_rl"
torch.tril_indices,torch,True,True,True,69,"cuda_agent_6k_ops,cudallm_rl,cudallm_sft,drkernel_coldstart,drkernel_rl"
torch.triplet_margin_loss,torch,True,True,True,28,"cuda_agent_6k_ops,cudallm_rl,drkernel_rl"
torch.triu,torch,True,True,True,10212,"cuda_agent_6k_ops,cudallm_rl,cudallm_sft,drkernel_coldstart,drkernel_rl"
torch.triu_indices,torch,True,True,True,30,"cudallm_rl,cudallm_sft,drkernel_coldstart,drkernel_rl"
torch.true_divide,torch,True,True,True,8,"cudallm_rl,drkernel_rl"
torch.trunc,torch,True,True,True,134,"cuda_agent_6k_ops,cudallm_rl,cudallm_sft,drkernel_coldstart,drkernel_rl"
torch.unbind,torch,True,True,True,7969,"cuda_agent_6k_ops,cudallm_rl,cudallm_sft,drkernel_coldstart,drkernel_rl"
torch.unique,torch,True,True,True,18,"cudallm_rl,drkernel_rl"
torch.unsafe_chunk,torch,True,True,True,8,"cudallm_rl,drkernel_rl"
torch.unsafe_split_with_sizes,torch,True,True,True,8,"cudallm_rl,drkernel_rl"
torch.unsqueeze,torch,True,True,True,8024,"cuda_agent_6k_ops,cudallm_rl,cudallm_sft,drkernel_coldstart,drkernel_rl"
torch.var,torch,True,True,True,39,"cudallm_rl,cudallm_sft,drkernel_rl"
torch.var_mean,torch,True,True,True,3,cuda_agent_6k_ops
torch.vdot,torch,True,True,True,4,"cudallm_sft,drkernel_coldstart"
torch.view_as_complex,torch,True,True,True,5895,"cuda_agent_6k_ops,cudallm_rl,cudallm_sft,drkernel_coldstart,drkernel_rl"
torch.view_as_real,torch,True,True,True,3548,"cuda_agent_6k_ops,cudallm_rl,cudallm_sft,drkernel_coldstart,drkernel_rl"
torch.where,torch,True,True,True,11126,"cuda_agent_6k_ops,cudallm_rl,cudallm_sft,drkernel_coldstart,drkernel_rl"
torch.xlogy,torch,True,True,True,12,"cudallm_rl,cudallm_sft,drkernel_coldstart,drkernel_rl"